Factor,Correlation,Impact Score,Relative Importance
Project Revenue,0.6509460093428044,0.3872464058606589,High
Licensing Revenue,0.26501545057637904,0.1409439697916865,Medium
Subscription Revenue,0.2570939667435088,0.06685122742291005,Medium
Api Revenue,0.08490188175819888,0.043392882013096636,Low
Automation Savings,0.022747034906419064,0.006598242537191318,Low
Total Costs,-0.03060788087847784,0.004034821510753637,Low
