Metric,Mean,Median,Std Dev,5th %ile,25th %ile,75th %ile,95th %ile,Min,Max
Monthly Value,86096.13628994822,80651.93195531463,33980.80180642088,41024.98559789005,61181.071635016124,105063.349685467,149465.88586403427,16466.002928031747,309113.5863986138
Adjusted Revenue,93489.94275284153,88034.03078632813,33964.94372679982,48555.78714139717,68680.46014198686,112613.43150881988,157086.21129478596,22647.826225433437,316404.75478422106
Gross Profit,86096.13628994822,80651.93195531463,33980.80180642088,41024.98559789005,61181.071635016124,105063.349685467,149465.88586403427,16466.002928031747,309113.5863986138
Roi Percent,1187.6189761601945,1097.3706695730434,505.02260551289805,534.7463644560444,821.949018625972,1456.4029506582167,2142.9467320516146,217.13256092854434,4502.520101267194
Hours Saved,1565.3842961808768,1466.3987628239024,617.8327601167433,745.9088290525464,1112.3831206366567,1910.2427215539456,2717.5615611642593,299.38187141875903,5620.247025429342
Total Subscribers,237.88333730521092,238.31802396885,71.96696552827245,123.04551762740759,179.39467495563937,295.85719218050764,353.80122141306003,70.2893556927481,405.65512500903935
